{"buys":274,"gain":5.592507166337085,"accuracy":0.4522281410307883}